<?xml version="1.0" encoding="UTF-8"?>
<project-private xmlns="http://www.netbeans.org/ns/project-private/1">
    <editor-bookmarks xmlns="http://www.netbeans.org/ns/editor-bookmarks/2" lastBookmarkId="0"/>
    <open-files xmlns="http://www.netbeans.org/ns/projectui-open-files/2">
        <group>
            <file>file:/home/superior/NetBeansProjects/ClienteCRUDSwing/src/main/Sistema.java</file>
            <file>file:/home/superior/NetBeansProjects/ClienteCRUDSwing/src/view/ClienteView.java</file>
            <file>file:/home/superior/NetBeansProjects/ClienteCRUDSwing/src/model/Cliente.java</file>
            <file>file:/home/superior/NetBeansProjects/ClienteCRUDSwing/src/model/GerenciadorConexao.java</file>
            <file>file:/home/superior/NetBeansProjects/ClienteCRUDSwing/src/view/ClienteTableModel.java</file>
            <file>file:/home/superior/NetBeansProjects/ClienteCRUDSwing/src/model/DaoCliente.java</file>
        </group>
    </open-files>
</project-private>
